Contract Year,Contract Category Type,US Territory,State Territory Abbreviation,State Territory Name,County Name,Contract ID,Plan ID,Segment ID,Contract Plan ID,Contract Plan Segment ID,Sanctioned Plan,Parent Organization Name,Contract Name,Organization Marketing Name,Organization Type,Plan Name,Plan Type,Enrollment Capacity Limit Accepted,Enrollment Capacity Limit Amount,Special Needs Plan (SNP) Indicator,SNP Type,SNP Institutional Type,Dual Eligible SNP (D-SNP) Integration Status,D-SNP Applicable Integrated Plan (AIP) Identifier,Chronic or Disabling Condition SNP (C-SNP) Condition Type,Medicare Zero-Dollar Cost Sharing D-SNP,Part D Coverage Indicator,National PDP,Drug Benefit Category,Drug Benefit Type,Voluntary De Minimis Program Participant,Part D Basic Premium At or Below Regional Benchmark,Low Income Subsidy (LIS) Auto Enrollment,Offers Drug Tier with No Part D Deductible,Annual Part D Deductible Amount,Part D Basic Premium,Part D Supplemental Premium,Part D Total Premium,Low Income Premium Subsidy (LIPS) Amount,Part D LIPS (CMS Pays),Part D Low Income Beneficiary Premium Amount,Part D Out-of-Pocket (OOP) Threshold,Part C Premium,Monthly Consolidated Premium (Part C + D),In-Network Maximum Out-of-Pocket (MOOP) Amount,Part C Summary Star Rating,Part D Summary Star Rating,Overall Star Rating,MA Region Code,MA Region,PDP Region Code,PDP Region
2027,MA,No,TX,Texas,Armstrong,H5294,014,0,H5294_014,H5294_014_0,No,Centene Corporation,"SUPERIOR HEALTHPLAN, INC.",Wellcare,Local Coordinated Care Plan,Wellcare Patriot Simple (HMO),HMO,Did Not Submit,No Limit,No,Not Applicable,Not Applicable,Not Applicable,Not Applicable,Not Applicable,Not Applicable,No,Not Applicable,Not Applicable,Not Applicable,No,Not Applicable,Not Applicable,Not Applicable,Not Applicable,Not Applicable,Not Applicable,Not Applicable,Not Applicable,Not Applicable,Not Applicable,Not Applicable,$0.00 ,Not Applicable,"$3,400.00 ",,,,17,Texas,Not Applicable,Not Applicable
2027,MA-PD,No,TX,Texas,Atascosa,H0028,030,0,H0028_030,H0028_030_0,No,Humana Inc.,"CHA HMO, INC.",Humana,Local Coordinated Care Plan,Humana Gold Plus H0028-030 (HMO),HMO,Did Not Submit,No Limit,No,Not Applicable,Not Applicable,Not Applicable,Not Applicable,Not Applicable,Not Applicable,Yes,Not Applicable,Enhanced,Enhanced Alternative,No,Not Applicable,Not Applicable,Yes,$700.00 ,$0.00 ,$0.00 ,$0.00 ,$6.27 ,$0.00 ,$0.00 ,"$2,400.00 ",$0.00 ,$0.00 ,"$3,900.00 ",,,,17,Texas,Not Applicable,Not Applicable
2027,MA,No,TX,Texas,Atascosa,H5294,014,0,H5294_014,H5294_014_0,No,Centene Corporation,"SUPERIOR HEALTHPLAN, INC.",Wellcare,Local Coordinated Care Plan,Wellcare Patriot Simple (HMO),HMO,Did Not Submit,No Limit,No,Not Applicable,Not Applicable,Not Applicable,Not Applicable,Not Applicable,Not Applicable,No,Not Applicable,Not Applicable,Not Applicable,No,Not Applicable,Not Applicable,Not Applicable,Not Applicable,Not Applicable,Not Applicable,Not Applicable,Not Applicable,Not Applicable,Not Applicable,Not Applicable,$0.00 ,Not Applicable,"$3,400.00 ",,,,17,Texas,Not Applicable,Not Applicable
2027,MA,No,TX,Texas,Bailey,H5294,014,0,H5294_014,H5294_014_0,No,Centene Corporation,"SUPERIOR HEALTHPLAN, INC.",Wellcare,Local Coordinated Care Plan,Wellcare Patriot Simple (HMO),HMO,Did Not Submit,No Limit,No,Not Applicable,Not Applicable,Not Applicable,Not Applicable,Not Applicable,Not Applicable,No,Not Applicable,Not Applicable,Not Applicable,No,Not Applicable,Not Applicable,Not Applicable,Not Applicable,Not Applicable,Not Applicable,Not Applicable,Not Applicable,Not Applicable,Not Applicable,Not Applicable,$0.00 ,Not Applicable,"$3,400.00 ",,,,17,Texas,Not Applicable,Not Applicable
2027,MA-PD,No,TX,Texas,Bandera,H0028,030,0,H0028_030,H0028_030_0,No,Humana Inc.,"CHA HMO, INC.",Humana,Local Coordinated Care Plan,Humana Gold Plus H0028-030 (HMO),HMO,Did Not Submit,No Limit,No,Not Applicable,Not Applicable,Not Applicable,Not Applicable,Not Applicable,Not Applicable,Yes,Not Applicable,Enhanced,Enhanced Alternative,No,Not Applicable,Not Applicable,Yes,$700.00 ,$0.00 ,$0.00 ,$0.00 ,$6.27 ,$0.00 ,$0.00 ,"$2,400.00 ",$0.00 ,$0.00 ,"$3,900.00 ",,,,17,Texas,Not Applicable,Not Applicable
2027,MA,No,TX,Texas,Bandera,H5294,014,0,H5294_014,H5294_014_0,No,Centene Corporation,"SUPERIOR HEALTHPLAN, INC.",Wellcare,Local Coordinated Care Plan,Wellcare Patriot Simple (HMO),HMO,Did Not Submit,No Limit,No,Not Applicable,Not Applicable,Not Applicable,Not Applicable,Not Applicable,Not Applicable,No,Not Applicable,Not Applicable,Not Applicable,No,Not Applicable,Not Applicable,Not Applicable,Not Applicable,Not Applicable,Not Applicable,Not Applicable,Not Applicable,Not Applicable,Not Applicable,Not Applicable,$0.00 ,Not Applicable,"$3,400.00 ",,,,17,Texas,Not Applicable,Not Applicable
2027,MA-PD,No,TX,Texas,Bexar,H0028,030,0,H0028_030,H0028_030_0,No,Humana Inc.,"CHA HMO, INC.",Humana,Local Coordinated Care Plan,Humana Gold Plus H0028-030 (HMO),HMO,Did Not Submit,No Limit,No,Not Applicable,Not Applicable,Not Applicable,Not Applicable,Not Applicable,Not Applicable,Yes,Not Applicable,Enhanced,Enhanced Alternative,No,Not Applicable,Not Applicable,Yes,$700.00 ,$0.00 ,$0.00 ,$0.00 ,$6.27 ,$0.00 ,$0.00 ,"$2,400.00 ",$0.00 ,$0.00 ,"$3,900.00 ",,,,17,Texas,Not Applicable,Not Applicable
2027,MA,No,TX,Texas,Bexar,H5294,014,0,H5294_014,H5294_014_0,No,Centene Corporation,"SUPERIOR HEALTHPLAN, INC.",Wellcare,Local Coordinated Care Plan,Wellcare Patriot Simple (HMO),HMO,Did Not Submit,No Limit,No,Not Applicable,Not Applicable,Not Applicable,Not Applicable,Not Applicable,Not Applicable,No,Not Applicable,Not Applicable,Not Applicable,No,Not Applicable,Not Applicable,Not Applicable,Not Applicable,Not Applicable,Not Applicable,Not Applicable,Not Applicable,Not Applicable,Not Applicable,Not Applicable,$0.00 ,Not Applicable,"$3,400.00 ",,,,17,Texas,Not Applicable,Not Applicable
2027,MA,No,TX,Texas,Blanco,H5294,014,0,H5294_014,H5294_014_0,No,Centene Corporation,"SUPERIOR HEALTHPLAN, INC.",Wellcare,Local Coordinated Care Plan,Wellcare Patriot Simple (HMO),HMO,Did Not Submit,No Limit,No,Not Applicable,Not Applicable,Not Applicable,Not Applicable,Not Applicable,Not Applicable,No,Not Applicable,Not Applicable,Not Applicable,No,Not Applicable,Not Applicable,Not Applicable,Not Applicable,Not Applicable,Not Applicable,Not Applicable,Not Applicable,Not Applicable,Not Applicable,Not Applicable,$0.00 ,Not Applicable,"$3,400.00 ",,,,17,Texas,Not Applicable,Not Applicable
2027,MA,No,TX,Texas,Borden,H5294,014,0,H5294_014,H5294_014_0,No,Centene Corporation,"SUPERIOR HEALTHPLAN, INC.",Wellcare,Local Coordinated Care Plan,Wellcare Patriot Simple (HMO),HMO,Did Not Submit,No Limit,No,Not Applicable,Not Applicable,Not Applicable,Not Applicable,Not Applicable,Not Applicable,No,Not Applicable,Not Applicable,Not Applicable,No,Not Applicable,Not Applicable,Not Applicable,Not Applicable,Not Applicable,Not Applicable,Not Applicable,Not Applicable,Not Applicable,Not Applicable,Not Applicable,$0.00 ,Not Applicable,"$3,400.00 ",,,,17,Texas,Not Applicable,Not Applicable
2027,MA,No,TX,Texas,Briscoe,H5294,014,0,H5294_014,H5294_014_0,No,Centene Corporation,"SUPERIOR HEALTHPLAN, INC.",Wellcare,Local Coordinated Care Plan,Wellcare Patriot Simple (HMO),HMO,Did Not Submit,No Limit,No,Not Applicable,Not Applicable,Not Applicable,Not Applicable,Not Applicable,Not Applicable,No,Not Applicable,Not Applicable,Not Applicable,No,Not Applicable,Not Applicable,Not Applicable,Not Applicable,Not Applicable,Not Applicable,Not Applicable,Not Applicable,Not Applicable,Not Applicable,Not Applicable,$0.00 ,Not Applicable,"$3,400.00 ",,,,17,Texas,Not Applicable,Not Applicable
2027,MA,No,TX,Texas,Castro,H5294,014,0,H5294_014,H5294_014_0,No,Centene Corporation,"SUPERIOR HEALTHPLAN, INC.",Wellcare,Local Coordinated Care Plan,Wellcare Patriot Simple (HMO),HMO,Did Not Submit,No Limit,No,Not Applicable,Not Applicable,Not Applicable,Not Applicable,Not Applicable,Not Applicable,No,Not Applicable,Not Applicable,Not Applicable,No,Not Applicable,Not Applicable,Not Applicable,Not Applicable,Not Applicable,Not Applicable,Not Applicable,Not Applicable,Not Applicable,Not Applicable,Not Applicable,$0.00 ,Not Applicable,"$3,400.00 ",,,,17,Texas,Not Applicable,Not Applicable
2027,MA,No,TX,Texas,Collin,H5294,014,0,H5294_014,H5294_014_0,No,Centene Corporation,"SUPERIOR HEALTHPLAN, INC.",Wellcare,Local Coordinated Care Plan,Wellcare Patriot Simple (HMO),HMO,Did Not Submit,No Limit,No,Not Applicable,Not Applicable,Not Applicable,Not Applicable,Not Applicable,Not Applicable,No,Not Applicable,Not Applicable,Not Applicable,No,Not Applicable,Not Applicable,Not Applicable,Not Applicable,Not Applicable,Not Applicable,Not Applicable,Not Applicable,Not Applicable,Not Applicable,Not Applicable,$0.00 ,Not Applicable,"$3,400.00 ",,,,17,Texas,Not Applicable,Not Applicable
2027,MA-PD,No,TX,Texas,Comal,H0028,030,0,H0028_030,H0028_030_0,No,Humana Inc.,"CHA HMO, INC.",Humana,Local Coordinated Care Plan,Humana Gold Plus H0028-030 (HMO),HMO,Did Not Submit,No Limit,No,Not Applicable,Not Applicable,Not Applicable,Not Applicable,Not Applicable,Not Applicable,Yes,Not Applicable,Enhanced,Enhanced Alternative,No,Not Applicable,Not Applicable,Yes,$700.00 ,$0.00 ,$0.00 ,$0.00 ,$6.27 ,$0.00 ,$0.00 ,"$2,400.00 ",$0.00 ,$0.00 ,"$3,900.00 ",,,,17,Texas,Not Applicable,Not Applicable
2027,MA,No,TX,Texas,Comal,H5294,014,0,H5294_014,H5294_014_0,No,Centene Corporation,"SUPERIOR HEALTHPLAN, INC.",Wellcare,Local Coordinated Care Plan,Wellcare Patriot Simple (HMO),HMO,Did Not Submit,No Limit,No,Not Applicable,Not Applicable,Not Applicable,Not Applicable,Not Applicable,Not Applicable,No,Not Applicable,Not Applicable,Not Applicable,No,Not Applicable,Not Applicable,Not Applicable,Not Applicable,Not Applicable,Not Applicable,Not Applicable,Not Applicable,Not Applicable,Not Applicable,Not Applicable,$0.00 ,Not Applicable,"$3,400.00 ",,,,17,Texas,Not Applicable,Not Applicable
2027,MA,No,TX,Texas,Crosby,H5294,014,0,H5294_014,H5294_014_0,No,Centene Corporation,"SUPERIOR HEALTHPLAN, INC.",Wellcare,Local Coordinated Care Plan,Wellcare Patriot Simple (HMO),HMO,Did Not Submit,No Limit,No,Not Applicable,Not Applicable,Not Applicable,Not Applicable,Not Applicable,Not Applicable,No,Not Applicable,Not Applicable,Not Applicable,No,Not Applicable,Not Applicable,Not Applicable,Not Applicable,Not Applicable,Not Applicable,Not Applicable,Not Applicable,Not Applicable,Not Applicable,Not Applicable,$0.00 ,Not Applicable,"$3,400.00 ",,,,17,Texas,Not Applicable,Not Applicable
2027,MA,No,TX,Texas,Dallas,H5294,014,0,H5294_014,H5294_014_0,No,Centene Corporation,"SUPERIOR HEALTHPLAN, INC.",Wellcare,Local Coordinated Care Plan,Wellcare Patriot Simple (HMO),HMO,Did Not Submit,No Limit,No,Not Applicable,Not Applicable,Not Applicable,Not Applicable,Not Applicable,Not Applicable,No,Not Applicable,Not Applicable,Not Applicable,No,Not Applicable,Not Applicable,Not Applicable,Not Applicable,Not Applicable,Not Applicable,Not Applicable,Not Applicable,Not Applicable,Not Applicable,Not Applicable,$0.00 ,Not Applicable,"$3,400.00 ",,,,17,Texas,Not Applicable,Not Applicable
2027,MA,No,TX,Texas,DeWitt,H5294,014,0,H5294_014,H5294_014_0,No,Centene Corporation,"SUPERIOR HEALTHPLAN, INC.",Wellcare,Local Coordinated Care Plan,Wellcare Patriot Simple (HMO),HMO,Did Not Submit,No Limit,No,Not Applicable,Not Applicable,Not Applicable,Not Applicable,Not Applicable,Not Applicable,No,Not Applicable,Not Applicable,Not Applicable,No,Not Applicable,Not Applicable,Not Applicable,Not Applicable,Not Applicable,Not Applicable,Not Applicable,Not Applicable,Not Applicable,Not Applicable,Not Applicable,$0.00 ,Not Applicable,"$3,400.00 ",,,,17,Texas,Not Applicable,Not Applicable
2027,MA,No,TX,Texas,Denton,H5294,014,0,H5294_014,H5294_014_0,No,Centene Corporation,"SUPERIOR HEALTHPLAN, INC.",Wellcare,Local Coordinated Care Plan,Wellcare Patriot Simple (HMO),HMO,Did Not Submit,No Limit,No,Not Applicable,Not Applicable,Not Applicable,Not Applicable,Not Applicable,Not Applicable,No,Not Applicable,Not Applicable,Not Applicable,No,Not Applicable,Not Applicable,Not Applicable,Not Applicable,Not Applicable,Not Applicable,Not Applicable,Not Applicable,Not Applicable,Not Applicable,Not Applicable,$0.00 ,Not Applicable,"$3,400.00 ",,,,17,Texas,Not Applicable,Not Applicable
2027,MA,No,TX,Texas,Ector,H5294,014,0,H5294_014,H5294_014_0,No,Centene Corporation,"SUPERIOR HEALTHPLAN, INC.",Wellcare,Local Coordinated Care Plan,Wellcare Patriot Simple (HMO),HMO,Did Not Submit,No Limit,No,Not Applicable,Not Applicable,Not Applicable,Not Applicable,Not Applicable,Not Applicable,No,Not Applicable,Not Applicable,Not Applicable,No,Not Applicable,Not Applicable,Not Applicable,Not Applicable,Not Applicable,Not Applicable,Not Applicable,Not Applicable,Not Applicable,Not Applicable,Not Applicable,$0.00 ,Not Applicable,"$3,400.00 ",,,,17,Texas,Not Applicable,Not Applicable
2027,MA,No,TX,Texas,El Paso,H5294,014,0,H5294_014,H5294_014_0,No,Centene Corporation,"SUPERIOR HEALTHPLAN, INC.",Wellcare,Local Coordinated Care Plan,Wellcare Patriot Simple (HMO),HMO,Did Not Submit,No Limit,No,Not Applicable,Not Applicable,Not Applicable,Not Applicable,Not Applicable,Not Applicable,No,Not Applicable,Not Applicable,Not Applicable,No,Not Applicable,Not Applicable,Not Applicable,Not Applicable,Not Applicable,Not Applicable,Not Applicable,Not Applicable,Not Applicable,Not Applicable,Not Applicable,$0.00 ,Not Applicable,"$3,400.00 ",,,,17,Texas,Not Applicable,Not Applicable
2027,MA,No,TX,Texas,Ellis,H5294,014,0,H5294_014,H5294_014_0,No,Centene Corporation,"SUPERIOR HEALTHPLAN, INC.",Wellcare,Local Coordinated Care Plan,Wellcare Patriot Simple (HMO),HMO,Did Not Submit,No Limit,No,Not Applicable,Not Applicable,Not Applicable,Not Applicable,Not Applicable,Not Applicable,No,Not Applicable,Not Applicable,Not Applicable,No,Not Applicable,Not Applicable,Not Applicable,Not Applicable,Not Applicable,Not Applicable,Not Applicable,Not Applicable,Not Applicable,Not Applicable,Not Applicable,$0.00 ,Not Applicable,"$3,400.00 ",,,,17,Texas,Not Applicable,Not Applicable
2027,MA,No,TX,Texas,Fisher,H5294,014,0,H5294_014,H5294_014_0,No,Centene Corporation,"SUPERIOR HEALTHPLAN, INC.",Wellcare,Local Coordinated Care Plan,Wellcare Patriot Simple (HMO),HMO,Did Not Submit,No Limit,No,Not Applicable,Not Applicable,Not Applicable,Not Applicable,Not Applicable,Not Applicable,No,Not Applicable,Not Applicable,Not Applicable,No,Not Applicable,Not Applicable,Not Applicable,Not Applicable,Not Applicable,Not Applicable,Not Applicable,Not Applicable,Not Applicable,Not Applicable,Not Applicable,$0.00 ,Not Applicable,"$3,400.00 ",,,,17,Texas,Not Applicable,Not Applicable
2027,MA,No,TX,Texas,Floyd,H5294,014,0,H5294_014,H5294_014_0,No,Centene Corporation,"SUPERIOR HEALTHPLAN, INC.",Wellcare,Local Coordinated Care Plan,Wellcare Patriot Simple (HMO),HMO,Did Not Submit,No Limit,No,Not Applicable,Not Applicable,Not Applicable,Not Applicable,Not Applicable,Not Applicable,No,Not Applicable,Not Applicable,Not Applicable,No,Not Applicable,Not Applicable,Not Applicable,Not Applicable,Not Applicable,Not Applicable,Not Applicable,Not Applicable,Not Applicable,Not Applicable,Not Applicable,$0.00 ,Not Applicable,"$3,400.00 ",,,,17,Texas,Not Applicable,Not Applicable
2027,MA,No,TX,Texas,Garza,H5294,014,0,H5294_014,H5294_014_0,No,Centene Corporation,"SUPERIOR HEALTHPLAN, INC.",Wellcare,Local Coordinated Care Plan,Wellcare Patriot Simple (HMO),HMO,Did Not Submit,No Limit,No,Not Applicable,Not Applicable,Not Applicable,Not Applicable,Not Applicable,Not Applicable,No,Not Applicable,Not Applicable,Not Applicable,No,Not Applicable,Not Applicable,Not Applicable,Not Applicable,Not Applicable,Not Applicable,Not Applicable,Not Applicable,Not Applicable,Not Applicable,Not Applicable,$0.00 ,Not Applicable,"$3,400.00 ",,,,17,Texas,Not Applicable,Not Applicable
2027,MA,No,TX,Texas,Glasscock,H5294,014,0,H5294_014,H5294_014_0,No,Centene Corporation,"SUPERIOR HEALTHPLAN, INC.",Wellcare,Local Coordinated Care Plan,Wellcare Patriot Simple (HMO),HMO,Did Not Submit,No Limit,No,Not Applicable,Not Applicable,Not Applicable,Not Applicable,Not Applicable,Not Applicable,No,Not Applicable,Not Applicable,Not Applicable,No,Not Applicable,Not Applicable,Not Applicable,Not Applicable,Not Applicable,Not Applicable,Not Applicable,Not Applicable,Not Applicable,Not Applicable,Not Applicable,$0.00 ,Not Applicable,"$3,400.00 ",,,,17,Texas,Not Applicable,Not Applicable
2027,MA,No,TX,Texas,Gonzales,H5294,014,0,H5294_014,H5294_014_0,No,Centene Corporation,"SUPERIOR HEALTHPLAN, INC.",Wellcare,Local Coordinated Care Plan,Wellcare Patriot Simple (HMO),HMO,Did Not Submit,No Limit,No,Not Applicable,Not Applicable,Not Applicable,Not Applicable,Not Applicable,Not Applicable,No,Not Applicable,Not Applicable,Not Applicable,No,Not Applicable,Not Applicable,Not Applicable,Not Applicable,Not Applicable,Not Applicable,Not Applicable,Not Applicable,Not Applicable,Not Applicable,Not Applicable,$0.00 ,Not Applicable,"$3,400.00 ",,,,17,Texas,Not Applicable,Not Applicable
2027,MA-PD,No,TX,Texas,Guadalupe,H0028,030,0,H0028_030,H0028_030_0,No,Humana Inc.,"CHA HMO, INC.",Humana,Local Coordinated Care Plan,Humana Gold Plus H0028-030 (HMO),HMO,Did Not Submit,No Limit,No,Not Applicable,Not Applicable,Not Applicable,Not Applicable,Not Applicable,Not Applicable,Yes,Not Applicable,Enhanced,Enhanced Alternative,No,Not Applicable,Not Applicable,Yes,$700.00 ,$0.00 ,$0.00 ,$0.00 ,$6.27 ,$0.00 ,$0.00 ,"$2,400.00 ",$0.00 ,$0.00 ,"$3,900.00 ",,,,17,Texas,Not Applicable,Not Applicable
2027,MA,No,TX,Texas,Guadalupe,H5294,014,0,H5294_014,H5294_014_0,No,Centene Corporation,"SUPERIOR HEALTHPLAN, INC.",Wellcare,Local Coordinated Care Plan,Wellcare Patriot Simple (HMO),HMO,Did Not Submit,No Limit,No,Not Applicable,Not Applicable,Not Applicable,Not Applicable,Not Applicable,Not Applicable,No,Not Applicable,Not Applicable,Not Applicable,No,Not Applicable,Not Applicable,Not Applicable,Not Applicable,Not Applicable,Not Applicable,Not Applicable,Not Applicable,Not Applicable,Not Applicable,Not Applicable,$0.00 ,Not Applicable,"$3,400.00 ",,,,17,Texas,Not Applicable,Not Applicable
2027,MA,No,TX,Texas,Hockley,H5294,014,0,H5294_014,H5294_014_0,No,Centene Corporation,"SUPERIOR HEALTHPLAN, INC.",Wellcare,Local Coordinated Care Plan,Wellcare Patriot Simple (HMO),HMO,Did Not Submit,No Limit,No,Not Applicable,Not Applicable,Not Applicable,Not Applicable,Not Applicable,Not Applicable,No,Not Applicable,Not Applicable,Not Applicable,No,Not Applicable,Not Applicable,Not Applicable,Not Applicable,Not Applicable,Not Applicable,Not Applicable,Not Applicable,Not Applicable,Not Applicable,Not Applicable,$0.00 ,Not Applicable,"$3,400.00 ",,,,17,Texas,Not Applicable,Not Applicable
2027,MA,No,TX,Texas,Hood,H5294,014,0,H5294_014,H5294_014_0,No,Centene Corporation,"SUPERIOR HEALTHPLAN, INC.",Wellcare,Local Coordinated Care Plan,Wellcare Patriot Simple (HMO),HMO,Did Not Submit,No Limit,No,Not Applicable,Not Applicable,Not Applicable,Not Applicable,Not Applicable,Not Applicable,No,Not Applicable,Not Applicable,Not Applicable,No,Not Applicable,Not Applicable,Not Applicable,Not Applicable,Not Applicable,Not Applicable,Not Applicable,Not Applicable,Not Applicable,Not Applicable,Not Applicable,$0.00 ,Not Applicable,"$3,400.00 ",,,,17,Texas,Not Applicable,Not Applicable
2027,MA-PD,No,TX,Texas,Kendall,H0028,030,0,H0028_030,H0028_030_0,No,Humana Inc.,"CHA HMO, INC.",Humana,Local Coordinated Care Plan,Humana Gold Plus H0028-030 (HMO),HMO,Did Not Submit,No Limit,No,Not Applicable,Not Applicable,Not Applicable,Not Applicable,Not Applicable,Not Applicable,Yes,Not Applicable,Enhanced,Enhanced Alternative,No,Not Applicable,Not Applicable,Yes,$700.00 ,$0.00 ,$0.00 ,$0.00 ,$6.27 ,$0.00 ,$0.00 ,"$2,400.00 ",$0.00 ,$0.00 ,"$3,900.00 ",,,,17,Texas,Not Applicable,Not Applicable
2027,MA,No,TX,Texas,Kendall,H5294,014,0,H5294_014,H5294_014_0,No,Centene Corporation,"SUPERIOR HEALTHPLAN, INC.",Wellcare,Local Coordinated Care Plan,Wellcare Patriot Simple (HMO),HMO,Did Not Submit,No Limit,No,Not Applicable,Not Applicable,Not Applicable,Not Applicable,Not Applicable,Not Applicable,No,Not Applicable,Not Applicable,Not Applicable,No,Not Applicable,Not Applicable,Not Applicable,Not Applicable,Not Applicable,Not Applicable,Not Applicable,Not Applicable,Not Applicable,Not Applicable,Not Applicable,$0.00 ,Not Applicable,"$3,400.00 ",,,,17,Texas,Not Applicable,Not Applicable
2027,MA,No,TX,Texas,Kent,H5294,014,0,H5294_014,H5294_014_0,No,Centene Corporation,"SUPERIOR HEALTHPLAN, INC.",Wellcare,Local Coordinated Care Plan,Wellcare Patriot Simple (HMO),HMO,Did Not Submit,No Limit,No,Not Applicable,Not Applicable,Not Applicable,Not Applicable,Not Applicable,Not Applicable,No,Not Applicable,Not Applicable,Not Applicable,No,Not Applicable,Not Applicable,Not Applicable,Not Applicable,Not Applicable,Not Applicable,Not Applicable,Not Applicable,Not Applicable,Not Applicable,Not Applicable,$0.00 ,Not Applicable,"$3,400.00 ",,,,17,Texas,Not Applicable,Not Applicable
2027,MA,No,TX,Texas,La Salle,H5294,014,0,H5294_014,H5294_014_0,No,Centene Corporation,"SUPERIOR HEALTHPLAN, INC.",Wellcare,Local Coordinated Care Plan,Wellcare Patriot Simple (HMO),HMO,Did Not Submit,No Limit,No,Not Applicable,Not Applicable,Not Applicable,Not Applicable,Not Applicable,Not Applicable,No,Not Applicable,Not Applicable,Not Applicable,No,Not Applicable,Not Applicable,Not Applicable,Not Applicable,Not Applicable,Not Applicable,Not Applicable,Not Applicable,Not Applicable,Not Applicable,Not Applicable,$0.00 ,Not Applicable,"$3,400.00 ",,,,17,Texas,Not Applicable,Not Applicable
2027,MA,No,TX,Texas,Lamb,H5294,014,0,H5294_014,H5294_014_0,No,Centene Corporation,"SUPERIOR HEALTHPLAN, INC.",Wellcare,Local Coordinated Care Plan,Wellcare Patriot Simple (HMO),HMO,Did Not Submit,No Limit,No,Not Applicable,Not Applicable,Not Applicable,Not Applicable,Not Applicable,Not Applicable,No,Not Applicable,Not Applicable,Not Applicable,No,Not Applicable,Not Applicable,Not Applicable,Not Applicable,Not Applicable,Not Applicable,Not Applicable,Not Applicable,Not Applicable,Not Applicable,Not Applicable,$0.00 ,Not Applicable,"$3,400.00 ",,,,17,Texas,Not Applicable,Not Applicable
2027,MA,No,TX,Texas,Lubbock,H5294,014,0,H5294_014,H5294_014_0,No,Centene Corporation,"SUPERIOR HEALTHPLAN, INC.",Wellcare,Local Coordinated Care Plan,Wellcare Patriot Simple (HMO),HMO,Did Not Submit,No Limit,No,Not Applicable,Not Applicable,Not Applicable,Not Applicable,Not Applicable,Not Applicable,No,Not Applicable,Not Applicable,Not Applicable,No,Not Applicable,Not Applicable,Not Applicable,Not Applicable,Not Applicable,Not Applicable,Not Applicable,Not Applicable,Not Applicable,Not Applicable,Not Applicable,$0.00 ,Not Applicable,"$3,400.00 ",,,,17,Texas,Not Applicable,Not Applicable
2027,MA,No,TX,Texas,Lynn,H5294,014,0,H5294_014,H5294_014_0,No,Centene Corporation,"SUPERIOR HEALTHPLAN, INC.",Wellcare,Local Coordinated Care Plan,Wellcare Patriot Simple (HMO),HMO,Did Not Submit,No Limit,No,Not Applicable,Not Applicable,Not Applicable,Not Applicable,Not Applicable,Not Applicable,No,Not Applicable,Not Applicable,Not Applicable,No,Not Applicable,Not Applicable,Not Applicable,Not Applicable,Not Applicable,Not Applicable,Not Applicable,Not Applicable,Not Applicable,Not Applicable,Not Applicable,$0.00 ,Not Applicable,"$3,400.00 ",,,,17,Texas,Not Applicable,Not Applicable
2027,MA,No,TX,Texas,Martin,H5294,014,0,H5294_014,H5294_014_0,No,Centene Corporation,"SUPERIOR HEALTHPLAN, INC.",Wellcare,Local Coordinated Care Plan,Wellcare Patriot Simple (HMO),HMO,Did Not Submit,No Limit,No,Not Applicable,Not Applicable,Not Applicable,Not Applicable,Not Applicable,Not Applicable,No,Not Applicable,Not Applicable,Not Applicable,No,Not Applicable,Not Applicable,Not Applicable,Not Applicable,Not Applicable,Not Applicable,Not Applicable,Not Applicable,Not Applicable,Not Applicable,Not Applicable,$0.00 ,Not Applicable,"$3,400.00 ",,,,17,Texas,Not Applicable,Not Applicable
2027,MA-PD,No,TX,Texas,Medina,H0028,030,0,H0028_030,H0028_030_0,No,Humana Inc.,"CHA HMO, INC.",Humana,Local Coordinated Care Plan,Humana Gold Plus H0028-030 (HMO),HMO,Did Not Submit,No Limit,No,Not Applicable,Not Applicable,Not Applicable,Not Applicable,Not Applicable,Not Applicable,Yes,Not Applicable,Enhanced,Enhanced Alternative,No,Not Applicable,Not Applicable,Yes,$700.00 ,$0.00 ,$0.00 ,$0.00 ,$6.27 ,$0.00 ,$0.00 ,"$2,400.00 ",$0.00 ,$0.00 ,"$3,900.00 ",,,,17,Texas,Not Applicable,Not Applicable
2027,MA,No,TX,Texas,Medina,H5294,014,0,H5294_014,H5294_014_0,No,Centene Corporation,"SUPERIOR HEALTHPLAN, INC.",Wellcare,Local Coordinated Care Plan,Wellcare Patriot Simple (HMO),HMO,Did Not Submit,No Limit,No,Not Applicable,Not Applicable,Not Applicable,Not Applicable,Not Applicable,Not Applicable,No,Not Applicable,Not Applicable,Not Applicable,No,Not Applicable,Not Applicable,Not Applicable,Not Applicable,Not Applicable,Not Applicable,Not Applicable,Not Applicable,Not Applicable,Not Applicable,Not Applicable,$0.00 ,Not Applicable,"$3,400.00 ",,,,17,Texas,Not Applicable,Not Applicable
2027,MA,No,TX,Texas,Milam,H5294,014,0,H5294_014,H5294_014_0,No,Centene Corporation,"SUPERIOR HEALTHPLAN, INC.",Wellcare,Local Coordinated Care Plan,Wellcare Patriot Simple (HMO),HMO,Did Not Submit,No Limit,No,Not Applicable,Not Applicable,Not Applicable,Not Applicable,Not Applicable,Not Applicable,No,Not Applicable,Not Applicable,Not Applicable,No,Not Applicable,Not Applicable,Not Applicable,Not Applicable,Not Applicable,Not Applicable,Not Applicable,Not Applicable,Not Applicable,Not Applicable,Not Applicable,$0.00 ,Not Applicable,"$3,400.00 ",,,,17,Texas,Not Applicable,Not Applicable
2027,MA,No,TX,Texas,Nolan,H5294,014,0,H5294_014,H5294_014_0,No,Centene Corporation,"SUPERIOR HEALTHPLAN, INC.",Wellcare,Local Coordinated Care Plan,Wellcare Patriot Simple (HMO),HMO,Did Not Submit,No Limit,No,Not Applicable,Not Applicable,Not Applicable,Not Applicable,Not Applicable,Not Applicable,No,Not Applicable,Not Applicable,Not Applicable,No,Not Applicable,Not Applicable,Not Applicable,Not Applicable,Not Applicable,Not Applicable,Not Applicable,Not Applicable,Not Applicable,Not Applicable,Not Applicable,$0.00 ,Not Applicable,"$3,400.00 ",,,,17,Texas,Not Applicable,Not Applicable
2027,MA,No,TX,Texas,Parker,H5294,014,0,H5294_014,H5294_014_0,No,Centene Corporation,"SUPERIOR HEALTHPLAN, INC.",Wellcare,Local Coordinated Care Plan,Wellcare Patriot Simple (HMO),HMO,Did Not Submit,No Limit,No,Not Applicable,Not Applicable,Not Applicable,Not Applicable,Not Applicable,Not Applicable,No,Not Applicable,Not Applicable,Not Applicable,No,Not Applicable,Not Applicable,Not Applicable,Not Applicable,Not Applicable,Not Applicable,Not Applicable,Not Applicable,Not Applicable,Not Applicable,Not Applicable,$0.00 ,Not Applicable,"$3,400.00 ",,,,17,Texas,Not Applicable,Not Applicable
2027,MA,No,TX,Texas,Potter,H5294,014,0,H5294_014,H5294_014_0,No,Centene Corporation,"SUPERIOR HEALTHPLAN, INC.",Wellcare,Local Coordinated Care Plan,Wellcare Patriot Simple (HMO),HMO,Did Not Submit,No Limit,No,Not Applicable,Not Applicable,Not Applicable,Not Applicable,Not Applicable,Not Applicable,No,Not Applicable,Not Applicable,Not Applicable,No,Not Applicable,Not Applicable,Not Applicable,Not Applicable,Not Applicable,Not Applicable,Not Applicable,Not Applicable,Not Applicable,Not Applicable,Not Applicable,$0.00 ,Not Applicable,"$3,400.00 ",,,,17,Texas,Not Applicable,Not Applicable
2027,MA,No,TX,Texas,Randall,H5294,014,0,H5294_014,H5294_014_0,No,Centene Corporation,"SUPERIOR HEALTHPLAN, INC.",Wellcare,Local Coordinated Care Plan,Wellcare Patriot Simple (HMO),HMO,Did Not Submit,No Limit,No,Not Applicable,Not Applicable,Not Applicable,Not Applicable,Not Applicable,Not Applicable,No,Not Applicable,Not Applicable,Not Applicable,No,Not Applicable,Not Applicable,Not Applicable,Not Applicable,Not Applicable,Not Applicable,Not Applicable,Not Applicable,Not Applicable,Not Applicable,Not Applicable,$0.00 ,Not Applicable,"$3,400.00 ",,,,17,Texas,Not Applicable,Not Applicable
2027,MA,No,TX,Texas,Real,H5294,014,0,H5294_014,H5294_014_0,No,Centene Corporation,"SUPERIOR HEALTHPLAN, INC.",Wellcare,Local Coordinated Care Plan,Wellcare Patriot Simple (HMO),HMO,Did Not Submit,No Limit,No,Not Applicable,Not Applicable,Not Applicable,Not Applicable,Not Applicable,Not Applicable,No,Not Applicable,Not Applicable,Not Applicable,No,Not Applicable,Not Applicable,Not Applicable,Not Applicable,Not Applicable,Not Applicable,Not Applicable,Not Applicable,Not Applicable,Not Applicable,Not Applicable,$0.00 ,Not Applicable,"$3,400.00 ",,,,17,Texas,Not Applicable,Not Applicable
2027,MA,No,TX,Texas,Rockwall,H5294,014,0,H5294_014,H5294_014_0,No,Centene Corporation,"SUPERIOR HEALTHPLAN, INC.",Wellcare,Local Coordinated Care Plan,Wellcare Patriot Simple (HMO),HMO,Did Not Submit,No Limit,No,Not Applicable,Not Applicable,Not Applicable,Not Applicable,Not Applicable,Not Applicable,No,Not Applicable,Not Applicable,Not Applicable,No,Not Applicable,Not Applicable,Not Applicable,Not Applicable,Not Applicable,Not Applicable,Not Applicable,Not Applicable,Not Applicable,Not Applicable,Not Applicable,$0.00 ,Not Applicable,"$3,400.00 ",,,,17,Texas,Not Applicable,Not Applicable
2027,MA,No,TX,Texas,Shackelford,H5294,014,0,H5294_014,H5294_014_0,No,Centene Corporation,"SUPERIOR HEALTHPLAN, INC.",Wellcare,Local Coordinated Care Plan,Wellcare Patriot Simple (HMO),HMO,Did Not Submit,No Limit,No,Not Applicable,Not Applicable,Not Applicable,Not Applicable,Not Applicable,Not Applicable,No,Not Applicable,Not Applicable,Not Applicable,No,Not Applicable,Not Applicable,Not Applicable,Not Applicable,Not Applicable,Not Applicable,Not Applicable,Not Applicable,Not Applicable,Not Applicable,Not Applicable,$0.00 ,Not Applicable,"$3,400.00 ",,,,17,Texas,Not Applicable,Not Applicable
2027,MA,No,TX,Texas,Sterling,H5294,014,0,H5294_014,H5294_014_0,No,Centene Corporation,"SUPERIOR HEALTHPLAN, INC.",Wellcare,Local Coordinated Care Plan,Wellcare Patriot Simple (HMO),HMO,Did Not Submit,No Limit,No,Not Applicable,Not Applicable,Not Applicable,Not Applicable,Not Applicable,Not Applicable,No,Not Applicable,Not Applicable,Not Applicable,No,Not Applicable,Not Applicable,Not Applicable,Not Applicable,Not Applicable,Not Applicable,Not Applicable,Not Applicable,Not Applicable,Not Applicable,Not Applicable,$0.00 ,Not Applicable,"$3,400.00 ",,,,17,Texas,Not Applicable,Not Applicable
2027,MA,No,TX,Texas,Swisher,H5294,014,0,H5294_014,H5294_014_0,No,Centene Corporation,"SUPERIOR HEALTHPLAN, INC.",Wellcare,Local Coordinated Care Plan,Wellcare Patriot Simple (HMO),HMO,Did Not Submit,No Limit,No,Not Applicable,Not Applicable,Not Applicable,Not Applicable,Not Applicable,Not Applicable,No,Not Applicable,Not Applicable,Not Applicable,No,Not Applicable,Not Applicable,Not Applicable,Not Applicable,Not Applicable,Not Applicable,Not Applicable,Not Applicable,Not Applicable,Not Applicable,Not Applicable,$0.00 ,Not Applicable,"$3,400.00 ",,,,17,Texas,Not Applicable,Not Applicable
2027,MA,No,TX,Texas,Tarrant,H5294,014,0,H5294_014,H5294_014_0,No,Centene Corporation,"SUPERIOR HEALTHPLAN, INC.",Wellcare,Local Coordinated Care Plan,Wellcare Patriot Simple (HMO),HMO,Did Not Submit,No Limit,No,Not Applicable,Not Applicable,Not Applicable,Not Applicable,Not Applicable,Not Applicable,No,Not Applicable,Not Applicable,Not Applicable,No,Not Applicable,Not Applicable,Not Applicable,Not Applicable,Not Applicable,Not Applicable,Not Applicable,Not Applicable,Not Applicable,Not Applicable,Not Applicable,$0.00 ,Not Applicable,"$3,400.00 ",,,,17,Texas,Not Applicable,Not Applicable
2027,MA,No,TX,Texas,Terry,H5294,014,0,H5294_014,H5294_014_0,No,Centene Corporation,"SUPERIOR HEALTHPLAN, INC.",Wellcare,Local Coordinated Care Plan,Wellcare Patriot Simple (HMO),HMO,Did Not Submit,No Limit,No,Not Applicable,Not Applicable,Not Applicable,Not Applicable,Not Applicable,Not Applicable,No,Not Applicable,Not Applicable,Not Applicable,No,Not Applicable,Not Applicable,Not Applicable,Not Applicable,Not Applicable,Not Applicable,Not Applicable,Not Applicable,Not Applicable,Not Applicable,Not Applicable,$0.00 ,Not Applicable,"$3,400.00 ",,,,17,Texas,Not Applicable,Not Applicable
2027,MA,No,TX,Texas,Throckmorton,H5294,014,0,H5294_014,H5294_014_0,No,Centene Corporation,"SUPERIOR HEALTHPLAN, INC.",Wellcare,Local Coordinated Care Plan,Wellcare Patriot Simple (HMO),HMO,Did Not Submit,No Limit,No,Not Applicable,Not Applicable,Not Applicable,Not Applicable,Not Applicable,Not Applicable,No,Not Applicable,Not Applicable,Not Applicable,No,Not Applicable,Not Applicable,Not Applicable,Not Applicable,Not Applicable,Not Applicable,Not Applicable,Not Applicable,Not Applicable,Not Applicable,Not Applicable,$0.00 ,Not Applicable,"$3,400.00 ",,,,17,Texas,Not Applicable,Not Applicable
2027,MA,No,TX,Texas,Uvalde,H5294,014,0,H5294_014,H5294_014_0,No,Centene Corporation,"SUPERIOR HEALTHPLAN, INC.",Wellcare,Local Coordinated Care Plan,Wellcare Patriot Simple (HMO),HMO,Did Not Submit,No Limit,No,Not Applicable,Not Applicable,Not Applicable,Not Applicable,Not Applicable,Not Applicable,No,Not Applicable,Not Applicable,Not Applicable,No,Not Applicable,Not Applicable,Not Applicable,Not Applicable,Not Applicable,Not Applicable,Not Applicable,Not Applicable,Not Applicable,Not Applicable,Not Applicable,$0.00 ,Not Applicable,"$3,400.00 ",,,,17,Texas,Not Applicable,Not Applicable
2027,MA-PD,No,TX,Texas,Wilson,H0028,030,0,H0028_030,H0028_030_0,No,Humana Inc.,"CHA HMO, INC.",Humana,Local Coordinated Care Plan,Humana Gold Plus H0028-030 (HMO),HMO,Did Not Submit,No Limit,No,Not Applicable,Not Applicable,Not Applicable,Not Applicable,Not Applicable,Not Applicable,Yes,Not Applicable,Enhanced,Enhanced Alternative,No,Not Applicable,Not Applicable,Yes,$700.00 ,$0.00 ,$0.00 ,$0.00 ,$6.27 ,$0.00 ,$0.00 ,"$2,400.00 ",$0.00 ,$0.00 ,"$3,900.00 ",,,,17,Texas,Not Applicable,Not Applicable
2027,MA,No,TX,Texas,Wilson,H5294,014,0,H5294_014,H5294_014_0,No,Centene Corporation,"SUPERIOR HEALTHPLAN, INC.",Wellcare,Local Coordinated Care Plan,Wellcare Patriot Simple (HMO),HMO,Did Not Submit,No Limit,No,Not Applicable,Not Applicable,Not Applicable,Not Applicable,Not Applicable,Not Applicable,No,Not Applicable,Not Applicable,Not Applicable,No,Not Applicable,Not Applicable,Not Applicable,Not Applicable,Not Applicable,Not Applicable,Not Applicable,Not Applicable,Not Applicable,Not Applicable,Not Applicable,$0.00 ,Not Applicable,"$3,400.00 ",,,,17,Texas,Not Applicable,Not Applicable
2027,MA,No,TX,Texas,Wise,H5294,014,0,H5294_014,H5294_014_0,No,Centene Corporation,"SUPERIOR HEALTHPLAN, INC.",Wellcare,Local Coordinated Care Plan,Wellcare Patriot Simple (HMO),HMO,Did Not Submit,No Limit,No,Not Applicable,Not Applicable,Not Applicable,Not Applicable,Not Applicable,Not Applicable,No,Not Applicable,Not Applicable,Not Applicable,No,Not Applicable,Not Applicable,Not Applicable,Not Applicable,Not Applicable,Not Applicable,Not Applicable,Not Applicable,Not Applicable,Not Applicable,Not Applicable,$0.00 ,Not Applicable,"$3,400.00 ",,,,17,Texas,Not Applicable,Not Applicable
2027,MA,No,TX,Texas,Zavala,H5294,014,0,H5294_014,H5294_014_0,No,Centene Corporation,"SUPERIOR HEALTHPLAN, INC.",Wellcare,Local Coordinated Care Plan,Wellcare Patriot Simple (HMO),HMO,Did Not Submit,No Limit,No,Not Applicable,Not Applicable,Not Applicable,Not Applicable,Not Applicable,Not Applicable,No,Not Applicable,Not Applicable,Not Applicable,No,Not Applicable,Not Applicable,Not Applicable,Not Applicable,Not Applicable,Not Applicable,Not Applicable,Not Applicable,Not Applicable,Not Applicable,Not Applicable,$0.00 ,Not Applicable,"$3,400.00 ",,,,17,Texas,Not Applicable,Not Applicable
