policy_id,client_id,carrier,plan_id,line_of_business,state,eligibility_reason,effective_date,termination_date,status,writing_agent_npn,monthly_premium,carrier_member_id,warnings,lineage_source_file,lineage_sheet,lineage_row_number,lineage_raw_hash,lineage_run_id,lineage_mapping_version
P-00001,C-00001,Bluepeak,23947FL4446912,ACA,FL,,2026-01-01,,ACTIVE,94702683,841.63,BP-736059,,crm_export.csv,,2,a7319d54de1cd6105285144ea529b0605ff28ddbf25908b79c38b66a930a5ae1,intake-synthetic-v1,crm-47d43a7926df
P-00002,C-00002,Harborline,H3504-022,MA,GA,AGE,2022-05-01,2023-06-30,TERMINATED,61291817,39.76,HL-324643,,crm_export.csv,,3,c5724163cd045d36bccd337017ee253e83e1b1093210fe0c5fc9a7926ad79223,intake-synthetic-v1,crm-47d43a7926df
P-00003,C-00002,Meridian Care,H8433-008,MA,GA,AGE,2023-07-01,,ACTIVE,61291817,38.74,MC-946721,,crm_export.csv,,4,c2541ac6eef86ce8d710137dda2606910c4a90cf74232b5763fd5a94594673dc,intake-synthetic-v1,crm-47d43a7926df
P-00004,C-00003,Bluepeak,S2489-015,PDP,AK,AGE,2024-06-01,,ACTIVE,61291817,21.04,BP-153045,,crm_export.csv,,5,8e362bf519afd6c881d4e9e28ad99449bd00ee92bc26a24cfe7cba56b733a95e,intake-synthetic-v1,crm-47d43a7926df
P-00005,C-00004,Meridian Care,H8433-005,MA,AK,AGE,2024-04-01,,ACTIVE,61291817,15.55,MC-411120,,crm_export.csv,,6,e1f7976317324922c665f173539de6bf9747d77958011a0869859e2ecce8af4b,intake-synthetic-v1,crm-47d43a7926df
P-00006,C-00005,Summit Health Plans,G,MEDSUPP,TX,AGE,2025-02-01,,ACTIVE,99847493,292.95,SH-185965,,crm_export.csv,,7,248ce4e93776d228da979b1e38205db932d6be7b883024476d611907a7cbdc79,intake-synthetic-v1,crm-47d43a7926df
P-00007,C-00005,Summit Health Plans,S8123-030,PDP,TX,AGE,2025-02-01,,ACTIVE,99847493,47.72,SH-314181,,crm_export.csv,,8,73c1b77bbd0a3bcc629236c3536d33acc53839c2ad6cd1416ff0e790bf72e7dc,intake-synthetic-v1,crm-47d43a7926df
P-00008,C-00006,Bluepeak,H3266-020,MA,KY,AGE,2023-07-01,,ACTIVE,94702683,53.57,BP-654634,,crm_export.csv,,9,27b8cefa646da4d8e466516f8bf25cb25b511946beedad7b211f2b80e6d39d46,intake-synthetic-v1,crm-47d43a7926df
P-00009,C-00007,Harborline,H3504-002-002,MA,KY,AGE,2024-08-01,,ACTIVE,94702683,0.29,HL-449759,,crm_export.csv,,10,b56a77600f6448ac8e78f478d1b242b07f72e56f8869a9184551b28ac4338a66,intake-synthetic-v1,crm-47d43a7926df
P-00010,C-00008,Meridian Care,H8433-025,MA,IL,AGE,2023-10-01,,ACTIVE,44524491,45.86,MC-526117,,crm_export.csv,,11,575ced4c6fa7e2d18cf4d3a457c055072a914dd3fae404aabce8a38253a010ac,intake-synthetic-v1,crm-47d43a7926df
